"Transaction Hash","Blockno","UnixTimestamp","DateTime (UTC)","From","To","ContractAddress","Value_IN(ETH)","Value_OUT(ETH)","CurrentValue @ $1856.85222776397/Eth","TxnFee(ETH)","TxnFee(USD)","Historical $Price/Eth","Status","ErrCode","Method"
"0x879ae3fc6533cd01876bafaf98bdbbee5d0659eba6093ff2c26fe3cab5325bc5","15871508","1667261147","2022-11-01 00:05:47","0x58f56615180a8eea4c462235d9e215f72484b4a3","0x42ad05d4f56456230c023cd023ddbc9935903ab4","","0","3.1855","5915.00277154213","0.000503033434617","0.934058753708338","1578.51","","","Transfer"
"0xa720a64cbb9612b86bc28c09999b95cc8789a6cf2f736ac0ed41c24af07eaad8","15871592","1667262155","2022-11-01 00:22:35","0x58f56615180a8eea4c462235d9e215f72484b4a3","0xa0b86991c6218b36c1d19d4a2e9eb0ce3606eb48","","0","0","0","0.00056940543612495","1.05730175256953","1578.51","","","Transfer"
"0x09a08f22bba5fe134059554c3a5fa4e644ea78b8b9a9e556e145a8a6d29be5e4","15871599","1667262239","2022-11-01 00:23:59","0x58f56615180a8eea4c462235d9e215f72484b4a3","0xa91e5ae6c33e176566f7d545073d2753eeb5931a","","0","0.321336","596.673467460763","0.00042","0.779877935660867","1578.51","","","Transfer"
"0x3bee277d3006b2ca100ca80e8666d3e165e7e9adcc9419022d98b3e1d7b4949a","15872112","1667268419","2022-11-01 02:06:59","0x58f56615180a8eea4c462235d9e215f72484b4a3","0xa0b86991c6218b36c1d19d4a2e9eb0ce3606eb48","","0","0","0","0.000613641049100991","1.13944074907059","1578.51","","","Transfer"
"0xc273a1a6df9aefbc71f0ce36226b9205902625d886e4249a5d6054a018dcc8c4","15872162","1667269043","2022-11-01 02:17:23","0x58f56615180a8eea4c462235d9e215f72484b4a3","0x082cf2146ffe3b4775fd566f305cf78a2f5766e6","","0","2.7","5013.50101496272","0.00042","0.779877935660867","1578.51","","","Transfer"
"0xb5a0ff3e914622376ea7e09f9da0ac2c050c64b8eb3cfaa4317de0f1f27c40a3","15872205","1667269559","2022-11-01 02:25:59","0x58f56615180a8eea4c462235d9e215f72484b4a3","0x9c8a90d096f341282e17295d93cf8c51944e1aa3","","0","800","1485481.78221118","0.00042","0.779877935660867","1578.51","","","Transfer"
"0xa93062f9498575c9fa3afec84669c5a3d919c8954ce5d2e553204ad894400bf2","15872244","1667270027","2022-11-01 02:33:47","0x58f56615180a8eea4c462235d9e215f72484b4a3","0xe208786435cdfe517367d42ed79699db79d942c2","","0","10","18568.5222776397","0.00042","0.779877935660867","1578.51","","","Transfer"
"0x3972fdc4172805b95cb2142f0bb17d5b8c4b3e3d6633ce0946a360cd68db9d15","15872279","1667270459","2022-11-01 02:40:59","0x58f56615180a8eea4c462235d9e215f72484b4a3","","0x33aff55f9367cef3757f484004bc79500ff0bead","0","0","0","0.0054476","10.115388195967","1578.51","","","0x60806040"
"0x90fef57e9219c23b19fa9804151f8461a32d8332d652edceed0fd08e1695c797","15872279","1667270459","2022-11-01 02:40:59","0x58f56615180a8eea4c462235d9e215f72484b4a3","","0xabc78f92c5d8f44892278eb34aa7809394d36313","0","0","0","0.0054476","10.115388195967","1578.51","","","0x60806040"
"0x7d942d7bff3b914d596f0dec0fdae0bf87b9e8fa1bf2a65766d67cece22665c8","15872279","1667270459","2022-11-01 02:40:59","0x58f56615180a8eea4c462235d9e215f72484b4a3","","0x067d4ccdc023b49745bf41d2e98c0683754e8454","0","0","0","0.0054476","10.115388195967","1578.51","","","0x60806040"
"0x45bbd269f25f21d1fcc82869ac289b2e45487803f79e9f1f5c14c627b13c311a","15872279","1667270459","2022-11-01 02:40:59","0x58f56615180a8eea4c462235d9e215f72484b4a3","","0x22bdc39e94522a68f74c3932f9259d05fe57fb60","0","0","0","0.0054476","10.115388195967","1578.51","","","0x60806040"
"0xc07f15fad0b2f44bb62389d917499e62beda8833c3fde7ced491e18efc7768df","15872279","1667270459","2022-11-01 02:40:59","0x58f56615180a8eea4c462235d9e215f72484b4a3","","0x9395e90f7ee76f971f611de3a5b041f61bc0f49b","0","0","0","0.0054476","10.115388195967","1578.51","","","0x60806040"
"0xdbd1330d76fb620199a5f03d04b7003cd70c8dce5ca923da811d9460b1f7a733","15872279","1667270459","2022-11-01 02:40:59","0x58f56615180a8eea4c462235d9e215f72484b4a3","","0xfe17189553722a96d2c5596a1f239d11be60e73e","0","0","0","0.0054476","10.115388195967","1578.51","","","0x60806040"
"0xf7470bc2d70cb138a4357b3487f95c66c881617efafc0d9db3b343aea1d4e175","15872279","1667270459","2022-11-01 02:40:59","0x58f56615180a8eea4c462235d9e215f72484b4a3","","0xa497f85f68194fd287676210c80428d5d8673b5e","0","0","0","0.0054476","10.115388195967","1578.51","","","0x60806040"
"0xc3d08fd43b14dc2999958cede25625ccccbaecaa2bc3704c60da9dd02200f730","15872279","1667270459","2022-11-01 02:40:59","0x58f56615180a8eea4c462235d9e215f72484b4a3","","0x8cf08d0a73f5ca91318217604840b66b9681d547","0","0","0","0.0054476","10.115388195967","1578.51","","","0x60806040"
"0xcafcdf6d397d5e52c249b79485c6768b6afc131d30793fe5b3ee91de5a3e063e","15872279","1667270459","2022-11-01 02:40:59","0x58f56615180a8eea4c462235d9e215f72484b4a3","","0x5d4a283e5aa73aaa689fc90d5efec64e0bdafc6f","0","0","0","0.0054476","10.115388195967","1578.51","","","0x60806040"
"0xa56a7940d44ade7d02a097efbf7fc3c79e101b02b78e7d77d31514c3372e4cc9","15872279","1667270459","2022-11-01 02:40:59","0x58f56615180a8eea4c462235d9e215f72484b4a3","","0x6567435e2c358154240e7b4aade0f8f881952552","0","0","0","0.0054476","10.115388195967","1578.51","","","0x60806040"
"0x1268eb8bede9858f4aa4af2256a26fcf5d4117b29bc794409967d2f90e9e461d","15872279","1667270459","2022-11-01 02:40:59","0x58f56615180a8eea4c462235d9e215f72484b4a3","","0x1fdd89ec2e3538e04278b4aecaf49c0e52f44adb","0","0","0","0.0054476","10.115388195967","1578.51","","","0x60806040"
"0xd4bb28735491ce12d9f5de1684d856fd9e264a98e25b5d2d27da270998aa166e","15872279","1667270459","2022-11-01 02:40:59","0x58f56615180a8eea4c462235d9e215f72484b4a3","","0xa6e1303be135080bcbcadb7a954901341d236014","0","0","0","0.0054476","10.115388195967","1578.51","","","0x60806040"
"0x88e339b0a0004de6c8f22258df8f26c040ae14c67b07713faac8c6aec61d6835","15872279","1667270459","2022-11-01 02:40:59","0x58f56615180a8eea4c462235d9e215f72484b4a3","","0xc27d13a73921c2e5d0b858540cb14f9946993bb6","0","0","0","0.0054476","10.115388195967","1578.51","","","0x60806040"
"0xed8dc4834f3f4ad35321cfbe040a7ccc7852d812d38fb68b851f9b0108b92150","15872279","1667270459","2022-11-01 02:40:59","0x58f56615180a8eea4c462235d9e215f72484b4a3","","0x7745120200ab8a12fe553441653794912aa9df19","0","0","0","0.0054476","10.115388195967","1578.51","","","0x60806040"
"0x2322dab8796dd554b55f6287bd5f05d96001817dd738eec0b9aa169533e09057","15872279","1667270459","2022-11-01 02:40:59","0x58f56615180a8eea4c462235d9e215f72484b4a3","","0xa46120c2a3fcd7464504cf88b42ba5cecb8990e9","0","0","0","0.0054476","10.115388195967","1578.51","","","0x60806040"
"0xcd56a90b6027553ef149df19f10f5b72709ca166b30525d52d964edcbed1370b","15872279","1667270459","2022-11-01 02:40:59","0x58f56615180a8eea4c462235d9e215f72484b4a3","","0xffbf969ef36d8b1922e9bc02d2699caf442e49f0","0","0","0","0.0054476","10.115388195967","1578.51","","","0x60806040"
"0x12c1f6cb2fb03dc9e293418893393329b87e8f45f01ca14cf79e05522482b1b0","15872530","1667273507","2022-11-01 03:31:47","0x58f56615180a8eea4c462235d9e215f72484b4a3","0xe208786435cdfe517367d42ed79699db79d942c2","","0","212.630998","394824.342327976","0.00042","0.779877935660867","1578.51","","","Transfer"
"0xf668dfbd21c6b2cc70c6c4dc48a4f7ad624aff5b38583da352b959d12d8e5c92","15872959","1667278703","2022-11-01 04:58:23","0x58f56615180a8eea4c462235d9e215f72484b4a3","0xa0b86991c6218b36c1d19d4a2e9eb0ce3606eb48","","0","0","0","0.000721308883489623","1.33936400721365","1578.51","","","Transfer"
"0x27d65f973ba8e73c46e5e2eed4c8b7a2a918d8bde4bab5fcc7713ca0b2269f02","15873069","1667280023","2022-11-01 05:20:23","0x58f56615180a8eea4c462235d9e215f72484b4a3","0xe3f463acfd10299b8e2d253b6d34592078ffeb01","","0","1000","1856852.22776397","0.00042","0.779877935660867","1578.51","","","Transfer"
"0x5e908200d9dbcac2b701c71fe7ebc4667bf811c91590311f7f0b9866bc559eba","15873303","1667282879","2022-11-01 06:07:59","0x58f56615180a8eea4c462235d9e215f72484b4a3","0x3bde767fbb4dac5e8f34d5132ada0fee5ce07f77","","0","0.05567","103.37096351962","0.00042","0.779877935660867","1578.51","","","Transfer"
"0x40d08bc3b31307a53358857f73e1a256ce898d89724abebfb26ca8e73bbbde3e","15873344","1667283371","2022-11-01 06:16:11","0x58f56615180a8eea4c462235d9e215f72484b4a3","0x13c7783a4d662c0150622eeca96772a49d1347dd","","0","31.981138","59384.247341727","0.00042","0.779877935660867","1578.51","","","Transfer"
"0xdbacc3f74fe2d3c93b434b06f603934c36df6fbcbac3ad4835e62aa3535bcf79","15873470","1667284919","2022-11-01 06:41:59","0x58f56615180a8eea4c462235d9e215f72484b4a3","0x5be4f3fad82d33c4778592beebd9fd6e16741501","","0","0","0","0.00037234319256738","0.691386286611488","1578.51","","","Flush Tokens"
"0xa7c6e81637f77f3215818d7cd4bf814334b6424551e019041aacc6940c3cd500","15873476","1667285003","2022-11-01 06:43:23","0x58f56615180a8eea4c462235d9e215f72484b4a3","0x015b37a1e5dad6259fd623fbb0137b3cf2b435f3","","0","49.9996","92841.8686473074","0.00042","0.779877935660867","1578.51","","","Transfer"
"0xe85eff8f0267cc6b4cf9b0ac506e6e0bc44ecd0570fc1ef52d8d0f149a1f0418","15873570","1667286143","2022-11-01 07:02:23","0x58f56615180a8eea4c462235d9e215f72484b4a3","0x55f57f95201731dc414c07e4fea24162e1fc112f","","0","0.257063","477.328004225689","0.00042","0.779877935660867","1578.51","","","Transfer"
"0x2f0cbf1900311efec4b46b98aa3f827cf919a1ce2823214795fff9d6df58bb2c","15873817","1667289167","2022-11-01 07:52:47","0x58f56615180a8eea4c462235d9e215f72484b4a3","0xf8c7f2b098a1dfc4ae9268b46c8cff2ae41e445d","","0","0.01","18.5685222776397","0.00042","0.779877935660867","1578.51","","","Transfer"
"0x506d59ea2ff18291e155f09462646f22daaf5f9a3fee983bfb3e6282539a250b","15874003","1667291411","2022-11-01 08:30:11","0x58f56615180a8eea4c462235d9e215f72484b4a3","0xa0b86991c6218b36c1d19d4a2e9eb0ce3606eb48","","0","0","0","0.000592973112046875","1.10106344410837","1578.51","","","Transfer"
"0x044b17378b073952fecb4f3a5e4ec23f4f574596101ffaecc7224c8eb1b892d8","15874057","1667292071","2022-11-01 08:41:11","0x58f56615180a8eea4c462235d9e215f72484b4a3","0xaa2dd9c04603ce136c2f9d596d566b80daa63ef3","","0","2","3713.70445552794","0.00042","0.779877935660867","1578.51","","","Transfer"
"0x160068ca18c56a2fc3412b9d6eedd8fc3e2a645e682fc294e98c659ca7ce694d","15874074","1667292287","2022-11-01 08:44:47","0x58f56615180a8eea4c462235d9e215f72484b4a3","0xc4b272b63633b59f7a9a9d0e46a26fc815f2a619","","0","0","0","0.000393082525750386","0.729896163634692","1578.51","","","Flush Tokens"
"0x8ae9e8898ac507d698448f5a70234527adffed209e2c08998025d38615f8aea1","15874176","1667293535","2022-11-01 09:05:35","0x58f56615180a8eea4c462235d9e215f72484b4a3","0xa1a0541a24ce69331bf4efd49e19c26537f377eb","","0","0.69296","1286.72431975132","0.0006296","1.1690741626002","1578.51","","","Transfer"
"0x514869be0a4b818824f93a7a652f13c180c274fb6883912f72a5cb9774fac582","15874223","1667294111","2022-11-01 09:15:11","0x58f56615180a8eea4c462235d9e215f72484b4a3","0x4dc7dfb413482e4b3f65b4db805df13ff07d1e2e","","0","0.773599","1436.45902654598","0.0006296","1.1690741626002","1578.51","","","Transfer"
"0xfcd736521d278de74e06cf2e15f38b576b72243fa6ca871f876db6c3b0268be5","15874264","1667294603","2022-11-01 09:23:23","0x58f56615180a8eea4c462235d9e215f72484b4a3","0xf8c7f2b098a1dfc4ae9268b46c8cff2ae41e445d","","0","19.99","37118.4760330018","0.00042","0.779877935660867","1578.51","","","Transfer"
"0x4abeef3d54a506c1d4b6a3baa6bf4b712ee3d01dd06b463b5ec1d554ba2fb09f","15874298","1667295023","2022-11-01 09:30:23","0x58f56615180a8eea4c462235d9e215f72484b4a3","0xee929815dc89d8928ee20f3cb4fdeb9edf4d6b3b","","0","0.37924","704.192638857208","0.00042","0.779877935660867","1578.51","","","Transfer"
"0x8453e825e25e51a3931cdae4ddf820a5b490b47b8f95032244e598c8553643ea","15874300","1667295047","2022-11-01 09:30:47","0x58f56615180a8eea4c462235d9e215f72484b4a3","0x53fbf0a3af71ca6f4514bb2f3eb305d34264c805","","0","1.055275","1959.48973465362","0.00042","0.779877935660867","1578.51","","","Transfer"
"0xcba627cd5eafd04793334a0650245dec9a6418de4f5434d08d6459be58518ec4","15874319","1667295275","2022-11-01 09:34:35","0x58f56615180a8eea4c462235d9e215f72484b4a3","0xa0b86991c6218b36c1d19d4a2e9eb0ce3606eb48","","0","0","0","0.00046746854713125","0.868020013150248","1578.51","","","Transfer"
"0x68403f7f06d6161c9e8a1ae5870d488db10908a16708fc382b397abcef802e39","15874480","1667297231","2022-11-01 10:07:11","0x58f56615180a8eea4c462235d9e215f72484b4a3","0xa75420c108de3cc62987f911ec22db1b03ea48e2","","0","45","83558.3502493787","0.00042","0.779877935660867","1578.51","","","Transfer"
"0xc5c10fc6469365a775a8e6060c15ce3e7e9efaf786cdcaf66c20292a9af3228c","15874634","1667299127","2022-11-01 10:38:47","0x58f56615180a8eea4c462235d9e215f72484b4a3","0x6ff3c21db8fba9bad96a9659a6bf3b9fb0eb9304","","0","0.0077","14.2977621537826","0.00042","0.779877935660867","1578.51","","","Transfer"
"0x5cae2042307c7e633a6956102570b112db0880f2cd90e84ad9aff5fadb8540e9","15874656","1667299391","2022-11-01 10:43:11","0x58f56615180a8eea4c462235d9e215f72484b4a3","0xed029c4a4e7f0bd7cfe89e7bbea42be0f0b3c8f6","","0","0.017687","32.8421453524613","0.00042","0.779877935660867","1578.51","","","Transfer"
"0xfa249527c76a1a6471d366408108fa49aa15210d409d4ad266acfcc1c113d45b","15874704","1667299967","2022-11-01 10:52:47","0x58f56615180a8eea4c462235d9e215f72484b4a3","0x3be3b269ed5021f58aedf2c0deeae6c4ab779866","","0","67.64","125597.484685955","0.0006296","1.1690741626002","1578.51","","","Transfer"
"0x6c66659664e158f1e84a9e28f89ef0c7fa9ca60278cb6a53584f14bed764ab20","15874711","1667300051","2022-11-01 10:54:11","0x58f56615180a8eea4c462235d9e215f72484b4a3","0xa0b86991c6218b36c1d19d4a2e9eb0ce3606eb48","","0","0","0","0.000406136070765459","0.754134667776148","1578.51","","","Transfer"
"0x231d79b72c2660e61203809543e31a28916ceba952c483bc0f8f3ac81a6a5e8d","15874890","1667302223","2022-11-01 11:30:23","0x58f56615180a8eea4c462235d9e215f72484b4a3","0x0b3bebd62b1d8b436fadde8666796e2a7b13cc22","","0","0.826922","1535.47195788704","0.00042","0.779877935660867","1578.51","","","Transfer"
"0xb592be0192f8c1b4ce29db6c8b269082a4d975b60d21d322fd6c838597b7e824","15875053","1667304203","2022-11-01 12:03:23","0x58f56615180a8eea4c462235d9e215f72484b4a3","0xb85791f486fc86b51ad7be308e27825226f85deb","","0","2.53124","4700.13863300527","0.00042","0.779877935660867","1578.51","","","Transfer"
"0xcb1e004f6c709c7567289dc5b81c95b355ab8475983b24b91a38b880df3035dd","15875056","1667304239","2022-11-01 12:03:59","0x58f56615180a8eea4c462235d9e215f72484b4a3","0x9ac465e283e3b8da9451ffa87db8a9b347d4bdbb","","0","0.1","185.685222776397","0.00042","0.779877935660867","1578.51","","","Transfer"
"0x0540184f78cc6c8c1d2d2014bc3ca0346ca2048eab6dfca23f5b422e5edc4407","15875058","1667304263","2022-11-01 12:04:23","0x58f56615180a8eea4c462235d9e215f72484b4a3","0xa0b86991c6218b36c1d19d4a2e9eb0ce3606eb48","","0","0","0","0.000701864180259375","1.30325806670235","1578.51","","","Transfer"
"0x1da026b91fe2169080e154a3b3b64c2eda22aada318fe853ba74f6ca710a67cc","15875083","1667304563","2022-11-01 12:09:23","0x58f56615180a8eea4c462235d9e215f72484b4a3","0xcc4d4e0fa125dcc2a67f679e13f1b5705a9f5c77","","0","25","46421.3056940992","0.0007881","1.46338524070078","1578.51","","","Transfer"
"0xaea33994105533c4d850477d3ebfe01725a7d2e20a4ca4a834849b0caa5f64d9","15875283","1667306987","2022-11-01 12:49:47","0x58f56615180a8eea4c462235d9e215f72484b4a3","0xcc4d4e0fa125dcc2a67f679e13f1b5705a9f5c77","","0","19.9995","37136.1161291655","0.0007881","1.46338524070078","1578.51","","","Transfer"
"0xd8c23e2d160c3e5746a1e9437e081048d1c0c50114fea54d9b157c1ad29c0751","15875292","1667307095","2022-11-01 12:51:35","0x58f56615180a8eea4c462235d9e215f72484b4a3","0xa0b86991c6218b36c1d19d4a2e9eb0ce3606eb48","","0","0","0","0.000668598609246252","1.2414888170588","1578.51","","","Transfer"
"0xe42860ebe87a273a25c970bdec1611483352082f6bdab219d942064d3c54b3cf","15875299","1667307179","2022-11-01 12:52:59","0x58f56615180a8eea4c462235d9e215f72484b4a3","0x77e4d0d799dae4e6b5e8e99b19ab8b8b334970bc","","0","0.140132","260.204416381021","0.00042","0.779877935660867","1578.51","","","Transfer"
"0xc91631f646c06dae072d36b8b45ce3e812f92c157c4c722dbef9711079e3600a","15875383","1667308199","2022-11-01 13:09:59","0x58f56615180a8eea4c462235d9e215f72484b4a3","0xabde3167e8a0849ef2c9c1449fcacfb3bc3b357e","","0","0","0","0.000487572224488076","0.905349571236518","1578.51","","","Flush Tokens"
"0x20484d8835bc7c8d93278dd3e5cee569071ee75220ffe9b1d5e7cdd7995f6288","15875511","1667309735","2022-11-01 13:35:35","0x58f56615180a8eea4c462235d9e215f72484b4a3","0xabc78f92c5d8f44892278eb34aa7809394d36313","","0","0","0","0.000509287889024712","0.945672351308746","1578.51","","","Flush Tokens"
"0xa937fdbf4e2958d81cffbd8b7d3e2903a54f0138837da9fae7c316b48b37bbeb","15875553","1667310239","2022-11-01 13:43:59","0x58f56615180a8eea4c462235d9e215f72484b4a3","0xa0b86991c6218b36c1d19d4a2e9eb0ce3606eb48","","0","0","0","0.001039459775171025","1.93012319919735","1578.51","","","Transfer"
"0xf9978f5fd1c23102cb04cb9ea954b8b1ff2ca73f3983212ee1e50289cab58547","15875597","1667310767","2022-11-01 13:52:47","0x58f56615180a8eea4c462235d9e215f72484b4a3","0x151499f435d2cf28ad0d2f4e98a3ade9480215f5","","0","0.1168","216.880340202832","0.00042","0.779877935660867","1578.51","","","Transfer"
"0xe79e1ea4c3c92cddee1a92cd1f4f7bcf293e28dfcc79b7cd9837cda7237bc59c","15875786","1667313059","2022-11-01 14:30:59","0x58f56615180a8eea4c462235d9e215f72484b4a3","0x0d1a4f03aadd970aecf24310b6d6d7f2bc40f899","","0","20.15","37415.572389444","0.00042","0.779877935660867","1578.51","","","Transfer"
"0x6af31f0ea16bd9de26c08c6a1a129d6c06bbf32d4bf98c99daa19e857d33533d","15875946","1667314991","2022-11-01 15:03:11","0x58f56615180a8eea4c462235d9e215f72484b4a3","0x101424d574bd270e03e3f525ce6967846e7fd3dd","","0","0","0","0.005123342000141796","9.51328900656001","1578.51","","","Flush Tokens"
"0x700777029fbea6cf63cdc78f11b7ffafb9cb9ab100b01dca9c97dea9d1adee1f","15875950","1667315039","2022-11-01 15:03:59","0x58f56615180a8eea4c462235d9e215f72484b4a3","0x7bd934bc4725e941bfe3dfc31dee40488a02bd5a","","0","0.01","18.5685222776397","0.002292572637726","4.25696860967224","1578.51","","","Transfer"
"0x06a1ee12a967571307326cb4f887a94562c6ab91724236dfcc75f33186b879ef","15876001","1667315663","2022-11-01 15:14:23","0x58f56615180a8eea4c462235d9e215f72484b4a3","0xf07a17501e045e60f37d3088acc9ac955fbc6e65","","0","0.379989","705.583421175803","0.000856848716976","1.59104144897358","1578.51","","","Transfer"
"0x347032c45f6677bc186b2c9ca2eb69e36b53d69eb0c34fc3d06352b3daa4a407","15876002","1667315675","2022-11-01 15:14:35","0x58f56615180a8eea4c462235d9e215f72484b4a3","0xf5f15df0e1edb7345806df1325524fbe60d59fba","","0","1.4931","2772.46606127438","0.00148554684364248","2.75844096606527","1578.51","","","Transfer"
"0x593548ca0ef5d445cd3fb1a223759836493595a08fe1537fa92bc716dbc1d3e5","15876037","1667316095","2022-11-01 15:21:35","0x58f56615180a8eea4c462235d9e215f72484b4a3","0xa0b86991c6218b36c1d19d4a2e9eb0ce3606eb48","","0","0","0","0.001746999199115625","3.24391935477972","1578.51","","","Transfer"
"0x712f29d63bd06ea691c30093621afdb76d9a1acfe4816c9447421efacc9a027b","15876047","1667316215","2022-11-01 15:23:35","0x58f56615180a8eea4c462235d9e215f72484b4a3","0x101424d574bd270e03e3f525ce6967846e7fd3dd","","0","0","0","0.001158794470499848","2.15171009406821","1578.51","","","Flush Tokens"
"0x22d1dfc950351746a652c443856774104c456fabbdb29d4145b1b95a623e547f","15876163","1667317619","2022-11-01 15:46:59","0x58f56615180a8eea4c462235d9e215f72484b4a3","0xfb9b942d2b5b6a93147d158c7a072c7d63c38ee6","","0","0.413302","767.440739439304","0.000539083620768","1.00099862217413","1578.51","","","Transfer"
"0xc6ef05e5279b37bff05f1ae2c1f619751661af563de11cd3b252bd7d883cd36c","15876231","1667318435","2022-11-01 16:00:35","0x58f56615180a8eea4c462235d9e215f72484b4a3","0xc5f551af82181f3e52f158dd90618e766e791ed1","","0","0.15","278.527834164596","0.000595606686717","1.10595360310158","1578.51","","","Transfer"
"0xbdfa7c708d9be8f4a5a0e7c1df5129d5e21298d0f51a3804550aa97e098b4138","15876390","1667320343","2022-11-01 16:32:23","0x58f56615180a8eea4c462235d9e215f72484b4a3","0x1a6ea3a36087fef4d56ebc9e11bf1b0a3a6a7437","","0","21.318907","39586.0599564429","0.000427889160321","0.794526940578103","1578.51","","","Transfer"
"0x991db964633f4a48c48f6d656a4702418c089ff61f15c54a37e026f31e4f45fa","15876655","1667323535","2022-11-01 17:25:35","0x58f56615180a8eea4c462235d9e215f72484b4a3","","0x80bf6baa91b59d5b7905eb1ea262146e19511710","0","0","0","0.00560598470970442","10.4094851970254","1578.51","","","0x60806040"
"0x4bd9a579b3601b0509f96ff935fa9d6bfecf90b944f85a4fac9dfc8a89a9c787","15876655","1667323535","2022-11-01 17:25:35","0x58f56615180a8eea4c462235d9e215f72484b4a3","","0x0fdeb91249afe72b5eab592b68707c930ada9592","0","0","0","0.00560598470970442","10.4094851970254","1578.51","","","0x60806040"
"0xd5e7440f49322ed1c45be9b49f90e7594b9bf0ea9cfd457a0867df7b8612614a","15876655","1667323535","2022-11-01 17:25:35","0x58f56615180a8eea4c462235d9e215f72484b4a3","","0x659bb824a9908aa33c8a701e70a61e5ec564d675","0","0","0","0.00560598470970442","10.4094851970254","1578.51","","","0x60806040"
"0x8ec567c7a139d72e78d96eab5d0328b85195d5c000e54b2c237d9c01305312bb","15876655","1667323535","2022-11-01 17:25:35","0x58f56615180a8eea4c462235d9e215f72484b4a3","","0x12345a0386bb1da1453cfe70637aafd7b2a666a7","0","0","0","0.00560598470970442","10.4094851970254","1578.51","","","0x60806040"
"0x9313373b38ae1348824faa67fd8fb8e6fb63c045682e3e72d2a56fe08c21cc9a","15876655","1667323535","2022-11-01 17:25:35","0x58f56615180a8eea4c462235d9e215f72484b4a3","","0xf643b9a8ed17d05072ad53e7d10ddc27e64720d5","0","0","0","0.00560598470970442","10.4094851970254","1578.51","","","0x60806040"
"0xe18ddeba5d45c6e9f4637b7190d82e22b2a5bf41a40fc5a31fa5852a343af909","15876655","1667323535","2022-11-01 17:25:35","0x58f56615180a8eea4c462235d9e215f72484b4a3","","0xe936fbce4b588319be78c6a9eb3b3cb7fcdba0e0","0","0","0","0.00560598470970442","10.4094851970254","1578.51","","","0x60806040"
"0xbc451ff1ac5b6741e3ee3a24fcf25d8e2c758d41f606a5ef6646c6a387242932","15876655","1667323535","2022-11-01 17:25:35","0x58f56615180a8eea4c462235d9e215f72484b4a3","","0xa3f55e923bce7db634dc9935608db79e24fe5f9e","0","0","0","0.00560598470970442","10.4094851970254","1578.51","","","0x60806040"
"0xffe9c03bd1fcd4432cf1153931c485958bc8b727eb46810ca631208a4570a938","15876655","1667323535","2022-11-01 17:25:35","0x58f56615180a8eea4c462235d9e215f72484b4a3","","0x3aca9931cdee921ec8aeaef9371cff644c986f7d","0","0","0","0.00560598470970442","10.4094851970254","1578.51","","","0x60806040"
"0x741c9b24e5e9393041ca2e9be1e0967fcd0f14c0d0547cdf0931f4c03dfe2449","15876655","1667323535","2022-11-01 17:25:35","0x58f56615180a8eea4c462235d9e215f72484b4a3","","0x8f464dac99894f48bc7ce3b84a23ae84216a7416","0","0","0","0.00560598470970442","10.4094851970254","1578.51","","","0x60806040"
"0xaf0ce9ccc3343ed8187af89576190a0324f93aefdcf4bdfa19acc78c7f7877f4","15876655","1667323535","2022-11-01 17:25:35","0x58f56615180a8eea4c462235d9e215f72484b4a3","","0xc2076103cf546b23accae178bf79c794d39ba774","0","0","0","0.00560598470970442","10.4094851970254","1578.51","","","0x60806040"
"0x36f05579c4c25236c898cfc11b35d2abf5da60d823d84c9d19c23ba8bbd2ef36","15876655","1667323535","2022-11-01 17:25:35","0x58f56615180a8eea4c462235d9e215f72484b4a3","","0x6e80b07b7d26c7e2496d6b2216a1f2b3b8cbccf1","0","0","0","0.00560598470970442","10.4094851970254","1578.51","","","0x60806040"
"0xba1107fa8a04e12f98ceb00085a88f2ac28c5252f730e3c3d19c64cc19bb970a","15876655","1667323535","2022-11-01 17:25:35","0x58f56615180a8eea4c462235d9e215f72484b4a3","","0x011b5d1f18c9d595f8f160162fde52d34314b589","0","0","0","0.00560598470970442","10.4094851970254","1578.51","","","0x60806040"
"0xb1dc0e882ebc655dc3120d8cf2cc24861540350d07b15b9d6e676f1765f388de","15876655","1667323535","2022-11-01 17:25:35","0x58f56615180a8eea4c462235d9e215f72484b4a3","","0x480740d132f99d76f08476c9f3f938df8e79c150","0","0","0","0.00560598470970442","10.4094851970254","1578.51","","","0x60806040"
"0x7e082eea590612ff9c76c69e3c2d466e90660d75e47950c24b6938b0e98dab1f","15876655","1667323535","2022-11-01 17:25:35","0x58f56615180a8eea4c462235d9e215f72484b4a3","","0xd6771ce49ca1a2d841e5d70a4df9653df48adb2b","0","0","0","0.00560598470970442","10.4094851970254","1578.51","","","0x60806040"
"0xee6327ca803809e9f8d9090533c7106c332dab28543d0071ed0134aa108f2014","15876655","1667323535","2022-11-01 17:25:35","0x58f56615180a8eea4c462235d9e215f72484b4a3","","0x26f0930bb9a576b62382c674a4e2cf954334ca00","0","0","0","0.00560598470970442","10.4094851970254","1578.51","","","0x60806040"
"0x149c47255ec91df10874793379ea93a8b2567be2726d9f700ac71dde6f117a8b","15876655","1667323535","2022-11-01 17:25:35","0x58f56615180a8eea4c462235d9e215f72484b4a3","","0x09f78b62d339152cd1a31f34582a4e294d4cac50","0","0","0","0.00560598470970442","10.4094851970254","1578.51","","","0x60806040"
"0xb627f456f49edec775f5f084a604fa08bc1d2bbf2356f9b8499521e71983301c","15876751","1667324687","2022-11-01 17:44:47","0x58f56615180a8eea4c462235d9e215f72484b4a3","0x6916feadf17ac549a2bf8482ba57cf9e714a0fba","","0","0","0","0.00093019776233333","1.7272397872497","1578.51","","","Flush Tokens"
"0x9f0c3b4639079075e323ec49b97d4e59f13e713feadb0262d650ec50f0818c38","15876806","1667325359","2022-11-01 17:55:59","0x58f56615180a8eea4c462235d9e215f72484b4a3","0x483dd3d02df024781f53dde272b49cfa5039c39f","","0","10","18568.5222776397","0.001045978215654684","1.94222697993098","1578.51","","","Transfer"
"0x8feec57c95a38192562b730cd9909549cfc2d9b96309c55af38539f89245d7d3","15877181","1667329859","2022-11-01 19:10:59","0x58f56615180a8eea4c462235d9e215f72484b4a3","0x9726f6e50825962e5ecd9847b2c96e02d49c91a4","","0","0.70866","1315.87689972721","0.0006296","1.1690741626002","1578.51","","","Transfer"
"0x6183d5a067009ef3170ec40b26a19d203c3a16bb2228e6135493ab4fabcd126b","15877232","1667330483","2022-11-01 19:21:23","0x58f56615180a8eea4c462235d9e215f72484b4a3","0x9726f6e50825962e5ecd9847b2c96e02d49c91a4","","0","0.06354","117.984390552123","0.0006296","1.1690741626002","1578.51","","","Transfer"
"0x652f838c5be9f70e962b6c65b1a4ac88294a7c5c875b42debd1b4000a404d746","15877530","1667334083","2022-11-01 20:21:23","0x58f56615180a8eea4c462235d9e215f72484b4a3","0x7a9def73a171236817db3c7ad9d20e6e4b52938f","","0","27","50135.0101496272","0.00099612","1.84964764112025","1578.51","","","Transfer"
"0xfa78bad6652a73b54c53e7e18886e3eb8442116145dcce2ac983cbd2d83beec4","15877584","1667334731","2022-11-01 20:32:11","0x58f56615180a8eea4c462235d9e215f72484b4a3","0xe9ed2f141d1ba1f67b17dbb341f3d6cfa06d0981","","0","0.036146","67.1177806247564","0.00042","0.779877935660867","1578.51","","","Transfer"
"0xd752ad3fb1df7edafcd10b9819becf3c7757b8d0ee2ed1d42202b707d2838970","15878015","1667339939","2022-11-01 21:58:59","0x58f56615180a8eea4c462235d9e215f72484b4a3","0xa0b86991c6218b36c1d19d4a2e9eb0ce3606eb48","","0","0","0","0.000725543540728125","1.34722713994078","1578.51","","","Transfer"
"0xb57e096b1914f14e7c810c9e29875e36eed649e512251f7642c6423ef0e8cd5b","15878086","1667340803","2022-11-01 22:13:23","0x58f56615180a8eea4c462235d9e215f72484b4a3","0xbd1bd2e862a6d81552ab4009dc724d974fa3d9af","","0","40","74274.0891105588","0.00042","0.779877935660867","1578.51","","","Transfer"
"0xf4d094b1bb9b84f17da88b8e54b823bf8637908564c1a1af99a76fe81f75f449","15878280","1667343143","2022-11-01 22:52:23","0x58f56615180a8eea4c462235d9e215f72484b4a3","0xa0b86991c6218b36c1d19d4a2e9eb0ce3606eb48","","0","0","0","0.000558358915996875","1.03678999706067","1578.51","","","Transfer"
"0x1e002b18560e2b9732ca83a3ce8a21611d5a4928232f8d8b1a8931e3703019c9","15878308","1667343479","2022-11-01 22:57:59","0x58f56615180a8eea4c462235d9e215f72484b4a3","0xd19a814cd79f6f268f867d5341d1bc598c54c1f1","","0","0.020567","38.1898797684216","0.00042","0.779877935660867","1578.51","","","Transfer"
"0x9ae755bfbb181cc991fc2d54ec6ab04f331042cea5d33e95476846446cf88815","15878600","1667346995","2022-11-01 23:56:35","0x58f56615180a8eea4c462235d9e215f72484b4a3","0xa0b86991c6218b36c1d19d4a2e9eb0ce3606eb48","","0","0","0","0.00054343126495245","1.00907155496355","1578.51","","","Transfer"
"0xa1822e68a736bcdb57d05b2679260904813efdd17df62ede1d716dec9eeb4e8c","15878603","1667347031","2022-11-01 23:57:11","0x58f56615180a8eea4c462235d9e215f72484b4a3","0x8d08aad4b2bac2bb761ac4781cf62468c9ec47b4","","0","6947","12899552.4262763","0.000177658666185","0.329885890087193","1578.51","","","Transfer"
"0xe0d5d4798d4d4468c4a4df1c455b59c8dbe93195f75f988ae4e230743e15d2b6","15878703","1667348243","2022-11-02 00:17:23","0x58f56615180a8eea4c462235d9e215f72484b4a3","0x8d08aad4b2bac2bb761ac4781cf62468c9ec47b4","","0","0.65","1206.95394804658","0.000237487235349","0.440978702023297","1518.33","","","Transfer"
"0xa43beda2d8739c679012b26b8b5f66dc4b7196eb31e39d6f7cdbede134e19720","15878986","1667351687","2022-11-02 01:14:47","0x58f56615180a8eea4c462235d9e215f72484b4a3","0x8d08aad4b2bac2bb761ac4781cf62468c9ec47b4","","0","20","37137.0445552794","0.000236958694623","0.43999727999876","1518.33","","","Transfer"
"0xcb730093ac1e3f4ab08c32d295c9a695315e28fdb69659919ede8411a8fb34c8","15878996","1667351807","2022-11-02 01:16:47","0x58f56615180a8eea4c462235d9e215f72484b4a3","0x26f0930bb9a576b62382c674a4e2cf954334ca00","","0","0","0","0.00061292246473791","1.13810644409517","1518.33","","","Flush Tokens"
"0x435e91063ea2a4f1ba9cbd991337249879061069a84af182de68558a529979e6","15879006","1667351927","2022-11-02 01:18:47","0x58f56615180a8eea4c462235d9e215f72484b4a3","0xa0b86991c6218b36c1d19d4a2e9eb0ce3606eb48","","0","0","0","0.000699021166528182","1.29797901032202","1518.33","","","Transfer"
"0xde8ec762c1c746bfd53921261d542caa5d039b14f6b5740a8dcaf2d7fc74829d","15879118","1667353271","2022-11-02 01:41:11","0x58f56615180a8eea4c462235d9e215f72484b4a3","0x659bb824a9908aa33c8a701e70a61e5ec564d675","","0","0","0","0.00051339467799301","0.953298051553487","1518.33","","","Flush Tokens"
"0x021c8872c917c0dc2e8b9778fdcc20eeeab144077e92b6f978e183a4bc3df538","15879119","1667353283","2022-11-02 01:41:23","0x58f56615180a8eea4c462235d9e215f72484b4a3","0xa0b86991c6218b36c1d19d4a2e9eb0ce3606eb48","","0","0","0","0.00074734696611939","1.38771287895143","1518.33","","","Transfer"
"0x42b5fd6282df71032069f9982b18de9647856d91560861e48b1b8e01e1c0ec51","15879134","1667353463","2022-11-02 01:44:23","0x58f56615180a8eea4c462235d9e215f72484b4a3","0xa0b86991c6218b36c1d19d4a2e9eb0ce3606eb48","","0","0","0","0.000734657889328125","1.3641511384433","1518.33","","","Transfer"
"0x3283eaa3211dd447ae352133115efec5ee3a9715975264df2451f166ef0b0fbb","15879145","1667353595","2022-11-02 01:46:35","0x58f56615180a8eea4c462235d9e215f72484b4a3","0xa0b86991c6218b36c1d19d4a2e9eb0ce3606eb48","","0","0","0","0.000519883562598912","0.965346951389659","1518.33","","","Transfer"
